Feature_ID,Frequency
YBR291C,17
YNL170W_CNV,15
YGR256W,15
YHR043C_CNV,14
YLR154C-H,13
YLR154W-F,13
YML009C-A_CNV,12
YBL042C,11
YPL267W,11
YBR028C,10
YAR035W_CNV,10
YAL016C-A_CNV,10
YMR179W,10
YMR119W-A_CNV,9
YMR316C-A,9
YCR102C_CNV,9
YOR194C,9
YMR080C,8
YGL227W,8
YKR105C,8
YLL025W_CNV,8
YPL235W,8
YER134C_CNV,7
YBL006W-A,6
YIL005W,6
YDL227C,6
YBR093C,6
YIR018C-A_CNV,6
YLR078C,6
YDL188C,6
YPL268W,5
YJR076C,5
YAR068W_CNV,5
YIR017W-A,5
YER165C-A_CNV,5
YGR171C,5
YLR467W,5
YFL063W,5
YOR392W_CNV,5
YGR293C_CNV,5
YDR442W,5
YDR060W,5
YAR070C,4
YBR234C,4
YLR286C,4
YMR221C,4
YGL038C,4
YMR181C,4
YER046W-A_CNV,4
YOL097W-A_CNV,4
YDR509W,4
YDL178W,4
YBR060C,4
YNL173C,4
YFL008W,4
YEL016C,4
YPR053C_CNV,4
YDR041W,4
YJL217W,4
YNR072W_CNV,4
YCR102W-A_CNV,3
YER135C_CNV,3
YPL250C,3
YLR236C_CNV,3
YHR019C,3
YBL108C-A_CNV,3
YMR161W,3
YLR137W,3
YBR230W-A_CNV,3
YJR001W,3
YAL058W,3
YGR271W,3
YOR139C,3
YDL122W,3
YHR131W-A_CNV,3
YAR035C-A,3
YNL142W,3
YOR132W,3
YCL008C_CNV,3
YLR041W,3
YDL191W,3
YOR137C,3
YLL020C_CNV,3
YLR141W_CNV,3
YBR046C,3
YJR153W_CNV,3
YIL169C_CNV,3
YCR097W-A,3
YOL086C_CNV,3
YJL016W,2
YGR074W_CNV,2
YHL047C_CNV,2
YIL024C,2
YML047C,2
YKL220C,2
YEL021W_CNV,2
YER171W,2
YKR096W,2
YBR236C,2
YBR295W,2
YER103W,2
YMR090W,2
YIR036W-A_CNV,2
YDR475C,2
YLR134W,2
YDL186W,2
YBR093C_CNV,2
YIL107C,2
YPR073C,2
YNR049C,2
YHR025W,2
YAL026C-A,2
YCR006C_CNV,2
YFL052W_CNV,2
YPR196W_CNV,2
YFL051C,2
YCR077C_CNV,2
YIR039C_CNV,2
YPR042C,2
YCR020C,2
YGL063W_CNV,2
YPR192W_CNV,2
YHL048C-A_CNV,2
YJR039W,2
YHR102W,2
YCR077C,2
YLR410W,2
YGL176C,2
YBR012C_CNV,2
YOL112W,2
YLR152C,2
YCR040W_CNV,2
YDR090C,2
YHR145C,2
YAR069C,2
YMR259C,2
YKL062W,2
YMR280C,2
YOR170W_CNV,2
YML057C-A_CNV,2
YMR006C_CNV,2
YGR291C_CNV,2
YER093C,2
YDR407C,2
YEL013W,2
YCL034W,2
YOR073W-A,2
YCR060W_CNV,2
YOL070C,2
YPR200C,2
YKL036C_CNV,2
YOL059W,2
YJL098W,2
YLR001C,2
YJR106W,2
YLR417W,2
YER071C,2
YOL060C,2
YHR056C,2
YLR260W,2
YGL139W,2
YPR029C,2
YGR292W_CNV,2
YGL150C,2
YLR296W_CNV,2
YHL045W,2
YOL098C,2
YLR241W,2
YCR108C_CNV,1
YMR326C_CNV,1
YOR078W,1
YGL047W,1
YHR204W,1
YDR352W,1
YNR018W,1
YML086C,1
YBR005W,1
YNR007C,1
YNL325C,1
YFL059W_CNV,1
YBR067C,1
YCL050C,1
YMR135W-A,1
YKR080W,1
YJR153W,1
YML087C,1
YGL136C,1
YDL140C,1
YOL063C,1
YLR055C,1
YBR102C,1
YMR316W,1
YDR499W,1
YLR432W,1
YIL111W,1
YHR095W_CNV,1
YAR019C,1
YAL020C,1
YDL033C,1
YGR024C,1
YDR038C_CNV,1
YLR452C,1
YOR388C,1
YPR188C,1
YPL031C,1
YKL044W,1
YKL086W_CNV,1
YAL008W,1
YDR244W,1
YBR298C_CNV,1
YIL149C,1
YNL205C_CNV,1
YDR309C,1
YGL262W_CNV,1
YPR176C,1
YGR228W,1
YDR278C,1
YGL154C,1
YCR073W-A_CNV,1
YAR023C,1
YKL210W,1
YER029C,1
YDR258C,1
YCL038C,1
YDR456W,1
YDR223W,1
YER030W,1
YDR296W,1
YBR152W,1
YJR112W-A,1
YLR110C,1
YBL081W,1
YOL040C,1
YOR184W,1
YMR054W,1
YBR125C,1
YBR174C,1
YOR115C,1
YEL069C,1
YDL020C,1
YHR033W,1
YDL001W,1
YJL117W,1
YAL017W,1
YDR012W,1
YAL053W,1
YKL222C_CNV,1
YGR127W,1
YML013W,1
YIR020C_CNV,1
YLR230W_CNV,1
YKL151C,1
YPL100W,1
YMR173W,1
YIL014C-A_CNV,1
YMR254C,1
YDR021W,1
YNR073C_CNV,1
YOL103W,1
YBR069C,1
YKR100C,1
YPL180W,1
YGL006W-A_CNV,1
YHR001W,1
YCR024C-B,1
YAL020C_CNV,1
YLL045C,1
YJR154W_CNV,1
YFL053W_CNV,1
YER141W,1
YBL075C,1
YJL041W,1
YPL218W,1
YPL257W_CNV,1
YLR178C,1
YDL195W,1
YAL039C_CNV,1
YGL157W,1
YJL095W,1
YOR202W,1
YCR100C,1
YIL147C,1
YGL142C,1
YGR155W,1
YDR205W,1
YKL223W_CNV,1
YDL241W_CNV,1
YLR245C_CNV,1
YJR021C,1
YBL105C,1
YHR106W,1
YER056C,1
YPL013C_CNV,1
YJL107C,1
YDL097C,1
YAR029W_CNV,1
YOR315W,1
YDR012W_CNV,1
YHR165C,1
YJR149W_CNV,1
YHR216W_CNV,1
YJL218W_CNV,1
YPL108W_CNV,1
YOR388C_CNV,1
YHR055C,1
YCR061W_CNV,1
YJL145W_CNV,1
YKR071C,1
YHR202W,1
YGL007C-A_CNV,1
YIL169C,1
YGL022W,1
YGL006W_CNV,1
YIL043C,1
YNL004W,1
YLL055W,1
YGR201C_CNV,1
YEL074W_CNV,1
YDR243C,1
YHR069C,1
YJL008C,1
YCR053W,1
YLL057C,1
YLR157C,1
YFR051C_CNV,1
YGL003C_CNV,1
YDR460W,1
YFR041C_CNV,1
YGL004C_CNV,1
YGL005C_CNV,1
YFR040W_CNV,1
YOR156C,1
YKL034W,1
YER047C,1
YDR149C,1
YAL047C_CNV,1
YJL151C_CNV,1
YPL019C,1
YNL018C,1
YNR065C,1
YNR066C,1
YOL079W,1
YJL020C,1
YPR124W,1
YPL035C_CNV,1
YER188W,1
YDL017W,1
YGR187C,1
YKR010C,1
YOR227W,1
YLR265C,1
YJL129C,1
YMR120C,1
YGL161C,1
YOR118W,1
